total,hp,attack,defense,sp_atk,sp_def,speed,name,classe
318,45,49,49,65,65,45,Bulbasaur,cluster2
405,60,62,63,80,80,60,Ivysaur,cluster1
525,80,82,83,100,100,80,Venusaur,cluster0
309,39,52,43,60,50,65,Charmander,cluster2
405,58,64,58,80,65,80,Charmeleon,cluster1
534,78,84,78,109,85,100,Charizard,cluster0
314,44,48,65,50,64,43,Squirtle,cluster2
405,59,63,80,65,80,58,Wartortle,cluster1
530,79,83,100,85,105,78,Blastoise,cluster0
195,45,30,35,20,20,45,Caterpie,cluster2
205,50,20,55,25,25,30,Metapod,cluster2
395,60,45,50,90,80,70,Butterfree,cluster1
195,40,35,30,20,20,50,Weedle,cluster2
205,45,25,50,25,25,35,Kakuna,cluster2
395,65,90,40,45,80,75,Beedrill,cluster1
251,40,45,40,35,35,56,Pidgey,cluster2
349,63,60,55,50,50,71,Pidgeotto,cluster2
479,83,80,75,70,70,101,Pidgeot,cluster1
253,30,56,35,25,35,72,Rattata,cluster2
413,55,81,60,50,70,97,Raticate,cluster1
262,40,60,30,31,31,70,Spearow,cluster2
442,65,90,65,61,61,100,Fearow,cluster1
288,35,60,44,40,54,55,Ekans,cluster2
448,60,95,69,65,79,80,Arbok,cluster1
320,35,55,40,50,50,90,Pikachu,cluster2
485,60,90,55,90,80,110,Raichu,ruido
300,50,75,85,20,30,40,Sandshrew,cluster2
450,75,100,110,45,55,65,Sandslash,cluster3
275,55,47,52,40,40,41,Nidoran♀,cluster2
365,70,62,67,55,55,56,Nidorina,cluster2
505,90,92,87,75,85,76,Nidoqueen,cluster3
273,46,57,40,40,40,50,Nidoran♂,cluster2
365,61,72,57,55,55,65,Nidorino,cluster2
505,81,102,77,85,75,85,Nidoking,cluster3
323,70,45,48,60,65,35,Clefairy,cluster2
483,95,70,73,95,90,60,Clefable,cluster1
299,38,41,40,50,65,65,Vulpix,cluster2
505,73,76,75,81,100,100,Ninetales,cluster1
270,115,45,20,45,25,20,Jigglypuff,cluster2
435,140,70,45,85,50,45,Wigglytuff,cluster1
245,40,45,35,30,40,55,Zubat,cluster2
455,75,80,70,65,75,90,Golbat,cluster1
320,45,50,55,75,65,30,Oddish,cluster2
395,60,65,70,85,75,40,Gloom,cluster1
490,75,80,85,110,90,50,Vileplume,ruido
285,35,70,55,45,55,25,Paras,cluster2
405,60,95,80,60,80,30,Parasect,cluster1
305,60,55,50,40,55,45,Venonat,cluster2
450,70,65,60,90,75,90,Venomoth,cluster1
265,10,55,25,35,45,95,Diglett,cluster2
425,35,100,50,50,70,120,Dugtrio,cluster1
290,40,45,35,40,40,90,Meowth,cluster2
440,65,70,60,65,65,115,Persian,cluster1
320,50,52,48,65,50,55,Psyduck,cluster2
500,80,82,78,95,80,85,Golduck,cluster0
305,40,80,35,35,45,70,Mankey,cluster2
455,65,105,60,60,70,95,Primeape,ruido
350,55,70,45,70,50,60,Growlithe,cluster2
555,90,110,80,100,80,95,Arcanine,cluster0
300,40,50,40,40,40,90,Poliwag,cluster2
385,65,65,65,50,50,90,Poliwhirl,cluster1
510,90,95,95,70,90,70,Poliwrath,cluster3
310,25,20,15,105,55,90,Abra,cluster2
400,40,35,30,120,70,105,Kadabra,cluster1
500,55,50,45,135,95,120,Alakazam,cluster0
305,70,80,50,35,35,35,Machop,cluster2
405,80,100,70,50,60,45,Machoke,ruido
505,90,130,80,65,85,55,Machamp,cluster3
300,50,75,35,70,30,40,Bellsprout,cluster2
390,65,90,50,85,45,55,Weepinbell,cluster1
490,80,105,65,100,70,70,Victreebel,cluster0
335,40,40,35,50,100,70,Tentacool,cluster2
515,80,70,65,80,120,100,Tentacruel,ruido
300,40,80,100,30,30,20,Geodude,cluster2
390,55,95,115,45,45,35,Graveler,ruido
495,80,120,130,55,65,45,Golem,cluster3
410,50,85,55,65,65,90,Ponyta,cluster1
500,65,100,70,80,80,105,Rapidash,ruido
315,90,65,65,40,40,15,Slowpoke,cluster2
490,95,75,110,100,80,30,Slowbro,cluster1
325,25,35,70,95,55,45,Magnemite,cluster2
465,50,60,95,120,70,70,Magneton,ruido
377,52,90,55,58,62,60,Farfetch'd,cluster1
310,35,85,45,35,35,75,Doduo,cluster2
470,60,110,70,60,60,110,Dodrio,cluster3
325,65,45,55,45,70,45,Seel,cluster2
475,90,70,80,70,95,70,Dewgong,cluster1
325,80,80,50,40,50,25,Grimer,cluster2
500,105,105,75,65,100,50,Muk,cluster3
305,30,65,100,45,25,40,Shellder,cluster2
525,50,95,180,85,45,70,Cloyster,cluster3
310,30,35,30,100,35,80,Gastly,cluster2
405,45,50,45,115,55,95,Haunter,cluster1
500,60,65,60,130,75,110,Gengar,cluster0
385,35,45,160,30,45,70,Onix,ruido
328,60,48,45,43,90,42,Drowzee,cluster2
483,85,73,70,73,115,67,Hypno,cluster1
325,30,105,90,25,25,50,Krabby,cluster2
475,55,130,115,50,50,75,Kingler,cluster3
330,40,30,50,55,55,100,Voltorb,cluster2
490,60,50,70,80,80,150,Electrode,ruido
325,60,40,80,60,45,40,Exeggcute,cluster2
530,95,95,85,125,75,55,Exeggutor,cluster0
320,50,50,95,40,50,35,Cubone,cluster2
425,60,80,110,50,80,45,Marowak,cluster1
455,50,120,53,35,110,87,Hitmonlee,cluster3
455,50,105,79,35,110,76,Hitmonchan,cluster3
385,90,55,75,60,75,30,Lickitung,cluster1
340,40,65,95,60,45,35,Koffing,cluster2
490,65,90,120,85,70,60,Weezing,cluster3
345,80,85,95,30,30,25,Rhyhorn,cluster2
485,105,130,120,45,45,40,Rhydon,cluster3
450,250,5,5,35,105,50,Chansey,ruido
435,65,55,115,100,40,60,Tangela,cluster1
490,105,95,80,40,80,90,Kangaskhan,cluster3
295,30,40,70,70,25,60,Horsea,cluster2
440,55,65,95,95,45,85,Seadra,cluster1
320,45,67,60,35,50,63,Goldeen,cluster2
450,80,92,65,65,80,68,Seaking,cluster1
340,30,45,55,70,55,85,Staryu,cluster2
520,60,75,85,100,85,115,Starmie,cluster0
460,40,45,65,100,120,90,Mr. Mime,cluster1
500,70,110,80,55,80,105,Scyther,cluster3
455,65,50,35,115,95,95,Jynx,cluster1
490,65,83,57,95,85,105,Electabuzz,cluster0
495,65,95,57,100,85,93,Magmar,cluster0
500,65,125,100,55,70,85,Pinsir,cluster3
490,75,100,95,40,70,110,Tauros,cluster3
200,20,10,55,15,20,80,Magikarp,cluster2
540,95,125,79,60,100,81,Gyarados,cluster3
535,130,85,80,85,95,60,Lapras,ruido
288,48,48,48,48,48,48,Ditto,cluster2
325,55,55,50,45,65,55,Eevee,cluster2
525,130,65,60,110,95,65,Vaporeon,cluster0
525,65,65,60,110,95,130,Jolteon,cluster0
525,65,130,60,95,110,65,Flareon,ruido
395,65,60,70,85,75,40,Porygon,cluster1
355,35,40,100,90,55,35,Omanyte,ruido
495,70,60,125,115,70,55,Omastar,ruido
355,30,80,90,55,45,55,Kabuto,cluster2
495,60,115,105,65,70,80,Kabutops,cluster3
515,80,105,65,60,75,130,Aerodactyl,cluster3
540,160,110,65,65,110,30,Snorlax,cluster3
580,90,85,100,95,125,85,Articuno,cluster0
580,90,90,85,125,90,100,Zapdos,cluster0
580,90,100,90,125,85,90,Moltres,cluster0
300,41,64,45,50,50,50,Dratini,cluster2
420,61,84,65,70,70,70,Dragonair,cluster1
600,91,134,95,100,100,80,Dragonite,cluster0
680,106,110,90,154,90,130,Mewtwo,cluster0
600,100,100,100,100,100,100,Mew,cluster0
318,45,49,65,49,65,45,Chikorita,cluster2
405,60,62,80,63,80,60,Bayleef,cluster1
525,80,82,100,83,100,80,Meganium,ruido
309,39,52,43,60,50,65,Cyndaquil,cluster2
405,58,64,58,80,65,80,Quilava,cluster1
534,78,84,78,109,85,100,Typhlosion,cluster0
314,50,65,64,44,48,43,Totodile,cluster2
405,65,80,80,59,63,58,Croconaw,cluster1
530,85,105,100,79,83,78,Feraligatr,cluster3
215,35,46,34,35,45,20,Sentret,cluster2
415,85,76,64,45,55,90,Furret,cluster1
262,60,30,30,36,56,50,Hoothoot,cluster2
452,100,50,50,86,96,70,Noctowl,cluster1
265,40,20,30,40,80,55,Ledyba,cluster2
390,55,35,50,55,110,85,Ledian,cluster1
250,40,60,40,40,40,30,Spinarak,cluster2
400,70,90,70,60,70,40,Ariados,cluster1
535,85,90,80,70,80,130,Crobat,ruido
330,75,38,38,56,56,67,Chinchou,cluster2
460,125,58,58,76,76,67,Lanturn,cluster1
205,20,40,15,35,35,60,Pichu,cluster2
218,50,25,28,45,55,15,Cleffa,cluster2
210,90,30,15,40,20,15,Igglybuff,cluster2
245,35,20,65,40,65,20,Togepi,cluster2
405,55,40,85,80,105,40,Togetic,cluster1
320,40,50,45,70,45,70,Natu,cluster2
470,65,75,70,95,70,95,Xatu,cluster1
280,55,40,40,65,45,35,Mareep,cluster2
365,70,55,55,80,60,45,Flaaffy,cluster1
510,90,75,85,115,90,55,Ampharos,cluster0
490,75,80,95,90,100,50,Bellossom,cluster1
250,70,20,50,20,50,40,Marill,cluster2
420,100,50,80,60,80,50,Azumarill,cluster1
410,70,100,115,30,65,30,Sudowoodo,cluster3
500,90,75,75,90,100,70,Politoed,cluster1
250,35,35,40,35,55,50,Hoppip,cluster2
340,55,45,50,45,65,80,Skiploom,cluster2
460,75,55,70,55,95,110,Jumpluff,cluster1
360,55,70,55,40,55,85,Aipom,cluster2
180,30,30,30,30,30,30,Sunkern,cluster2
425,75,75,55,105,85,30,Sunflora,cluster1
390,65,65,45,75,45,95,Yanma,cluster1
210,55,45,45,25,25,15,Wooper,cluster2
430,95,85,85,65,65,35,Quagsire,cluster1
525,65,65,60,130,95,110,Espeon,cluster0
525,95,65,110,60,130,65,Umbreon,ruido
405,60,85,42,85,42,91,Murkrow,cluster1
490,95,75,80,100,110,30,Slowking,cluster1
435,60,60,60,85,85,85,Misdreavus,cluster1
336,48,72,48,72,48,48,Unown,cluster2
405,190,33,58,33,58,33,Wobbuffet,ruido
455,70,80,65,90,65,85,Girafarig,cluster1
290,50,65,90,35,35,15,Pineco,cluster2
465,75,90,140,60,60,40,Forretress,cluster3
415,100,70,70,65,65,45,Dunsparce,cluster1
430,65,75,105,35,65,85,Gligar,ruido
510,75,85,200,55,65,30,Steelix,cluster3
300,60,80,50,40,40,30,Snubbull,cluster2
450,90,120,75,60,60,45,Granbull,cluster3
440,65,95,85,55,55,85,Qwilfish,ruido
500,70,130,100,55,80,65,Scizor,cluster3
505,20,10,230,10,230,5,Shuckle,ruido
500,80,125,75,40,95,85,Heracross,cluster3
430,55,95,55,35,75,115,Sneasel,ruido
330,60,80,50,50,50,40,Teddiursa,cluster2
500,90,130,75,75,75,55,Ursaring,cluster3
250,40,40,40,70,40,20,Slugma,cluster2
430,60,50,120,90,80,30,Magcargo,cluster1
250,50,50,40,30,30,50,Swinub,cluster2
450,100,100,80,60,60,50,Piloswine,cluster3
410,65,55,95,65,95,35,Corsola,cluster1
300,35,65,35,65,35,65,Remoraid,cluster2
480,75,105,75,105,75,45,Octillery,ruido
330,45,55,45,65,45,75,Delibird,cluster2
485,85,40,70,80,140,70,Mantine,cluster1
465,65,80,140,40,70,70,Skarmory,cluster3
330,45,60,30,80,50,65,Houndour,cluster2
500,75,90,50,110,80,95,Houndoom,cluster0
540,75,95,95,95,95,85,Kingdra,cluster0
330,90,60,60,40,40,40,Phanpy,cluster2
500,90,120,120,60,60,50,Donphan,cluster3
515,85,80,90,105,95,60,Porygon2,cluster0
465,73,95,62,85,65,85,Stantler,cluster1
250,55,20,35,20,45,75,Smeargle,cluster2
210,35,35,35,35,35,35,Tyrogue,cluster2
455,50,95,95,35,110,70,Hitmontop,cluster3
305,45,30,15,85,65,65,Smoochum,cluster2
360,45,63,37,65,55,95,Elekid,ruido
365,45,75,37,70,55,83,Magby,cluster1
490,95,80,105,40,70,100,Miltank,cluster3
540,255,10,10,75,135,55,Blissey,ruido
580,90,85,75,115,100,115,Raikou,cluster0
580,115,115,85,90,75,100,Entei,cluster0
580,100,75,115,90,115,85,Suicune,cluster0
300,50,64,50,45,50,41,Larvitar,cluster2
410,70,84,70,65,70,51,Pupitar,cluster1
600,100,134,110,95,100,61,Tyranitar,ruido
680,106,90,130,90,154,110,Lugia,cluster0
680,106,130,90,110,154,90,Ho-oh,cluster0
600,100,100,100,100,100,100,Celebi,cluster0
310,40,45,35,65,55,70,Treecko,cluster2
405,50,65,45,85,65,95,Grovyle,cluster1
530,70,85,65,105,85,120,Sceptile,cluster0
310,45,60,40,70,50,45,Torchic,cluster2
405,60,85,60,85,60,55,Combusken,cluster1
530,80,120,70,110,70,80,Blaziken,cluster0
310,50,70,50,50,50,40,Mudkip,cluster2
405,70,85,70,60,70,50,Marshtomp,cluster1
535,100,110,90,85,90,60,Swampert,cluster3
220,35,55,35,30,30,35,Poochyena,cluster2
420,70,90,70,60,60,70,Mightyena,cluster1
240,38,30,41,30,41,60,Zigzagoon,cluster2
420,78,70,61,50,61,100,Linoone,cluster1
195,45,45,35,20,30,20,Wurmple,cluster2
205,50,35,55,25,25,15,Silcoon,cluster2
395,60,70,50,100,50,65,Beautifly,cluster1
205,50,35,55,25,25,15,Cascoon,cluster2
385,60,50,70,50,90,65,Dustox,cluster1
220,40,30,30,40,50,30,Lotad,cluster2
340,60,50,50,60,70,50,Lombre,cluster2
480,80,70,70,90,100,70,Ludicolo,cluster1
220,40,40,50,30,30,30,Seedot,cluster2
340,70,70,40,60,40,60,Nuzleaf,cluster2
480,90,100,60,90,60,80,Shiftry,cluster1
270,40,55,30,30,30,85,Taillow,cluster2
455,60,85,60,75,50,125,Swellow,cluster1
270,40,30,30,55,30,85,Wingull,cluster2
440,60,50,100,95,70,65,Pelipper,cluster1
198,28,25,25,45,35,40,Ralts,cluster2
278,38,35,35,65,55,50,Kirlia,cluster2
518,68,65,65,125,115,80,Gardevoir,cluster0
269,40,30,32,50,52,65,Surskit,cluster2
454,70,60,62,100,82,80,Masquerain,cluster1
295,60,40,60,40,60,35,Shroomish,cluster2
460,60,130,80,60,60,70,Breloom,cluster3
280,60,60,60,35,35,30,Slakoth,cluster2
440,80,80,80,55,55,90,Vigoroth,cluster1
670,150,160,100,95,65,100,Slaking,ruido
266,31,45,90,30,30,40,Nincada,cluster2
456,61,90,45,50,50,160,Ninjask,ruido
236,1,90,45,30,30,40,Shedinja,cluster2
240,64,51,23,51,23,28,Whismur,cluster2
360,84,71,43,71,43,48,Loudred,cluster2
490,104,91,63,91,73,68,Exploud,cluster1
237,72,60,30,20,30,25,Makuhita,cluster2
474,144,120,60,40,60,50,Hariyama,cluster3
190,50,20,40,20,40,20,Azurill,cluster2
375,30,45,135,45,90,30,Nosepass,ruido
260,50,45,45,35,35,50,Skitty,cluster2
400,70,65,65,55,55,90,Delcatty,cluster1
380,50,75,75,65,65,50,Sableye,cluster1
380,50,85,85,55,55,50,Mawile,cluster1
330,50,70,100,40,40,30,Aron,cluster2
430,60,90,140,50,50,40,Lairon,cluster3
530,70,110,180,60,60,50,Aggron,cluster3
280,30,40,55,40,55,60,Meditite,cluster2
410,60,60,75,60,75,80,Medicham,cluster1
295,40,45,40,65,40,65,Electrike,cluster2
475,70,75,60,105,60,105,Manectric,ruido
405,60,50,40,85,75,95,Plusle,cluster1
405,60,40,50,75,85,95,Minun,cluster1
430,65,73,75,47,85,85,Volbeat,cluster1
430,65,47,75,73,85,85,Illumise,cluster1
400,50,60,45,100,80,65,Roselia,cluster1
302,70,43,53,43,53,40,Gulpin,cluster2
467,100,73,83,73,83,55,Swalot,cluster1
305,45,90,20,65,20,65,Carvanha,cluster2
460,70,120,40,95,40,95,Sharpedo,ruido
400,130,70,35,70,35,60,Wailmer,cluster1
500,170,90,45,90,45,60,Wailord,ruido
305,60,60,40,65,45,35,Numel,cluster2
460,70,100,70,105,75,40,Camerupt,cluster1
470,70,85,140,85,70,20,Torkoal,ruido
330,60,25,35,70,80,60,Spoink,cluster2
470,80,45,65,90,110,80,Grumpig,cluster1
360,60,60,60,60,60,60,Spinda,cluster2
290,45,100,45,45,45,10,Trapinch,cluster2
340,50,70,50,50,50,70,Vibrava,cluster2
520,80,100,80,80,80,100,Flygon,ruido
335,50,85,40,85,40,35,Cacnea,cluster2
475,70,115,60,115,60,55,Cacturne,cluster0
310,45,40,60,40,75,50,Swablu,cluster2
490,75,70,90,70,105,80,Altaria,cluster1
458,73,115,60,60,60,90,Zangoose,cluster3
458,73,100,60,100,60,65,Seviper,cluster1
460,90,55,65,95,85,70,Lunatone,cluster1
460,90,95,85,55,65,70,Solrock,cluster3
288,50,48,43,46,41,60,Barboach,cluster2
468,110,78,73,76,71,60,Whiscash,cluster1
308,43,80,65,50,35,35,Corphish,cluster2
468,63,120,85,90,55,55,Crawdaunt,cluster3
300,40,40,55,40,70,55,Baltoy,cluster2
500,60,70,105,70,120,75,Claydol,cluster1
355,66,41,77,61,87,23,Lileep,cluster2
495,86,81,97,81,107,43,Cradily,cluster1
355,45,95,50,40,50,75,Anorith,cluster2
495,75,125,100,70,80,45,Armaldo,cluster3
200,20,15,20,10,55,80,Feebas,cluster2
540,95,60,79,100,125,81,Milotic,cluster0
420,70,70,70,70,70,70,Castform,cluster1
440,60,90,70,60,120,40,Kecleon,cluster1
295,44,75,35,63,33,45,Shuppet,cluster2
455,64,115,65,83,63,65,Banette,cluster3
295,20,40,90,30,90,25,Duskull,cluster2
455,40,70,130,60,130,25,Dusclops,ruido
460,99,68,83,72,87,51,Tropius,cluster1
455,75,50,80,95,90,65,Chimecho,cluster1
465,65,130,60,75,60,75,Absol,cluster3
260,95,23,48,23,48,23,Wynaut,cluster2
300,50,50,50,50,50,50,Snorunt,cluster2
480,80,80,80,80,80,80,Glalie,cluster1
290,70,40,50,55,50,25,Spheal,cluster2
410,90,60,70,75,70,45,Sealeo,cluster1
530,110,80,90,95,90,65,Walrein,cluster0
345,35,64,85,74,55,32,Clamperl,cluster2
485,55,104,105,94,75,52,Huntail,cluster3
485,55,84,105,114,75,52,Gorebyss,ruido
485,100,90,130,45,65,55,Relicanth,cluster3
330,43,30,55,40,65,97,Luvdisc,cluster2
300,45,75,60,40,30,50,Bagon,cluster2
420,65,95,100,60,50,50,Shelgon,ruido
600,95,135,80,110,80,100,Salamence,cluster0
300,40,55,80,35,60,30,Beldum,cluster2
420,60,75,100,55,80,50,Metang,cluster1
600,80,135,130,95,90,70,Metagross,cluster3
580,80,100,200,50,100,50,Regirock,cluster3
580,80,50,100,100,200,50,Regice,cluster0
580,80,75,150,75,150,50,Registeel,ruido
600,80,80,90,110,130,110,Latias,cluster0
600,80,90,80,130,110,110,Latios,cluster0
670,100,100,90,150,140,90,Kyogre,cluster0
670,100,150,140,100,90,90,Groudon,ruido
680,105,150,90,150,90,95,Rayquaza,cluster0
600,100,100,100,100,100,100,Jirachi,cluster0
600,50,150,50,150,50,150,Deoxys Normal Forme,cluster0
318,55,68,64,45,55,31,Turtwig,cluster2
405,75,89,85,55,65,36,Grotle,cluster1
525,95,109,105,75,85,56,Torterra,cluster3
309,44,58,44,58,44,61,Chimchar,cluster2
405,64,78,52,78,52,81,Monferno,cluster1
534,76,104,71,104,71,108,Infernape,cluster0
314,53,51,53,61,56,40,Piplup,cluster2
405,64,66,68,81,76,50,Prinplup,cluster1
530,84,86,88,111,101,60,Empoleon,cluster0
245,40,55,30,30,30,60,Starly,cluster2
340,55,75,50,40,40,80,Staravia,cluster2
485,85,120,70,50,60,100,Staraptor,cluster3
250,59,45,40,35,40,31,Bidoof,cluster2
410,79,85,60,55,60,71,Bibarel,cluster1
194,37,25,41,25,41,25,Kricketot,cluster2
384,77,85,51,55,51,65,Kricketune,cluster1
263,45,65,34,40,34,45,Shinx,cluster2
363,60,85,49,60,49,60,Luxio,ruido
523,80,120,79,95,79,70,Luxray,cluster3
280,40,30,35,50,70,55,Budew,cluster2
515,60,70,65,125,105,90,Roserade,cluster0
350,67,125,40,30,30,58,Cranidos,cluster2
495,97,165,60,65,50,58,Rampardos,cluster3
350,30,42,118,42,88,30,Shieldon,cluster2
495,60,52,168,47,138,30,Bastiodon,ruido
224,40,29,45,29,45,36,Burmy Plant Cloak,cluster2
424,60,59,85,79,105,36,Wormadam Plant Cloak,cluster1
424,70,94,50,94,50,66,Mothim,cluster1
244,30,30,42,30,42,70,Combee,cluster2
474,70,80,102,80,102,40,Vespiquen,cluster1
405,60,45,70,45,90,95,Pachirisu,cluster1
330,55,65,35,60,30,85,Buizel,cluster2
495,85,105,55,85,50,115,Floatzel,ruido
275,45,35,45,62,53,35,Cherubi,cluster2
450,70,60,70,87,78,85,Cherrim,cluster1
325,76,48,48,57,62,34,Shellos,cluster2
475,111,83,68,92,82,39,Gastrodon,cluster1
482,75,100,66,60,66,115,Ambipom,cluster3
348,90,50,34,60,44,70,Drifloon,cluster2
498,150,80,44,90,54,80,Drifblim,ruido
350,55,66,44,44,56,85,Buneary,cluster2
480,65,76,84,54,96,105,Lopunny,cluster1
495,60,60,60,105,105,105,Mismagius,cluster0
505,100,125,52,105,52,71,Honchkrow,ruido
310,49,55,42,42,37,85,Glameow,cluster2
452,71,82,64,64,59,112,Purugly,cluster1
285,45,30,50,65,50,45,Chingling,cluster2
329,63,63,47,41,41,74,Stunky,cluster2
479,103,93,67,71,61,84,Skuntank,ruido
300,57,24,86,24,86,23,Bronzor,cluster2
500,67,89,116,79,116,33,Bronzong,cluster3
290,50,80,95,10,45,10,Bonsly,cluster2
310,20,25,45,70,90,60,Mime Jr.,cluster2
220,100,5,5,15,65,30,Happiny,cluster2
411,76,65,45,92,42,91,Chatot,cluster1
485,50,92,108,92,108,35,Spiritomb,ruido
300,58,70,45,40,45,42,Gible,cluster2
410,68,90,65,50,55,82,Gabite,cluster1
600,108,130,95,80,85,102,Garchomp,ruido
390,135,85,40,40,85,5,Munchlax,ruido
285,40,70,40,35,40,60,Riolu,cluster2
525,70,110,70,115,70,90,Lucario,cluster0
330,68,72,78,38,42,32,Hippopotas,cluster2
525,108,112,118,68,72,47,Hippowdon,cluster3
330,40,50,90,30,55,65,Skorupi,cluster2
500,70,90,110,60,75,95,Drapion,cluster3
300,48,61,40,61,40,50,Croagunk,cluster2
490,83,106,65,86,65,85,Toxicroak,cluster3
454,74,100,72,90,72,46,Carnivine,cluster1
330,49,49,56,49,61,66,Finneon,cluster2
460,69,69,76,69,86,91,Lumineon,cluster1
345,45,20,50,60,120,50,Mantyke,ruido
334,60,62,50,62,60,40,Snover,cluster2
494,90,92,75,92,85,60,Abomasnow,cluster1
510,70,120,65,45,85,125,Weavile,cluster3
535,70,70,115,130,90,60,Magnezone,cluster0
515,110,85,95,80,95,50,Lickilicky,cluster3
535,115,140,130,55,55,40,Rhyperior,cluster3
535,100,100,125,110,50,50,Tangrowth,ruido
540,75,123,67,95,85,95,Electivire,cluster0
540,75,95,67,125,95,83,Magmortar,cluster0
545,85,50,95,120,115,80,Togekiss,cluster0
515,86,76,86,116,56,95,Yanmega,cluster0
525,65,110,130,60,65,95,Leafeon,cluster3
525,65,60,110,130,95,65,Glaceon,cluster0
510,75,95,125,45,75,95,Gliscor,cluster3
530,110,130,80,70,60,80,Mamoswine,cluster3
535,85,80,70,135,75,90,Porygon-Z,cluster0
518,68,125,65,65,115,80,Gallade,cluster3
525,60,55,145,75,150,40,Probopass,ruido
525,45,100,135,65,135,45,Dusknoir,cluster3
480,70,80,70,80,70,110,Froslass,cluster1
440,50,50,77,95,77,91,Rotom,cluster1
580,75,75,130,75,130,95,Uxie,cluster0
580,80,105,105,105,105,80,Mesprit,cluster0
580,75,125,70,125,70,115,Azelf,cluster0
680,100,120,120,150,100,90,Dialga,cluster0
680,90,120,100,150,120,100,Palkia,cluster0
600,91,90,106,130,106,77,Heatran,cluster0
670,110,160,110,80,110,100,Regigigas,ruido
680,150,100,120,100,120,90,Giratina Altered Forme,cluster0
580,120,70,110,75,120,85,Cresselia,cluster0
480,80,80,80,80,80,80,Phione,cluster1
600,100,100,100,100,100,100,Manaphy,cluster0
600,70,90,90,135,90,125,Darkrai,cluster0
600,100,100,100,100,100,100,Shaymin Land Forme,cluster0
720,120,120,120,120,120,120,Arceus,cluster0
600,100,100,100,100,100,100,Victini,cluster0
308,45,45,55,45,55,63,Snivy,cluster2
413,60,60,75,60,75,83,Servine,cluster1
528,75,75,95,75,95,113,Serperior,ruido
308,65,63,45,45,45,45,Tepig,cluster2
418,90,93,55,70,55,55,Pignite,cluster1
528,110,123,65,100,65,65,Emboar,ruido
308,55,55,45,63,45,45,Oshawott,cluster2
413,75,75,60,83,60,60,Dewott,cluster1
528,95,100,85,108,70,70,Samurott,cluster0
255,45,55,39,35,39,42,Patrat,cluster2
420,60,85,69,60,69,77,Watchog,cluster1
275,45,60,45,25,45,55,Lillipup,cluster2
370,65,80,65,35,65,60,Herdier,cluster2
500,85,110,90,45,90,80,Stoutland,cluster3
281,41,50,37,50,37,66,Purrloin,cluster2
446,64,88,50,88,50,106,Liepard,cluster1
316,50,53,48,53,48,64,Pansage,cluster2
498,75,98,63,98,63,101,Simisage,cluster0
316,50,53,48,53,48,64,Pansear,cluster2
498,75,98,63,98,63,101,Simisear,cluster0
316,50,53,48,53,48,64,Panpour,cluster2
498,75,98,63,98,63,101,Simipour,cluster0
292,76,25,45,67,55,24,Munna,cluster2
487,116,55,85,107,95,29,Musharna,cluster1
264,50,55,50,36,30,43,Pidove,cluster2
358,62,77,62,50,42,65,Tranquill,cluster2
488,80,115,80,65,55,93,Unfezant,cluster3
295,45,60,32,50,32,76,Blitzle,cluster2
497,75,100,63,80,63,116,Zebstrika,ruido
280,55,75,85,25,25,15,Roggenrola,cluster2
390,70,105,105,50,40,20,Boldore,cluster3
515,85,135,130,60,80,25,Gigalith,cluster3
323,65,45,43,55,43,72,Woobat,cluster2
425,67,57,55,77,55,114,Swoobat,cluster1
328,60,85,40,30,45,68,Drilbur,cluster2
508,110,135,60,50,65,88,Excadrill,cluster3
445,103,60,86,60,86,50,Audino,cluster1
305,75,80,55,25,35,35,Timburr,cluster2
405,85,105,85,40,50,40,Gurdurr,cluster3
505,105,140,95,55,65,45,Conkeldurr,cluster3
294,50,50,40,50,40,64,Tympole,cluster2
384,75,65,55,65,55,69,Palpitoad,cluster1
509,105,95,75,85,75,74,Seismitoad,cluster3
465,120,100,85,30,85,45,Throh,cluster3
465,75,125,75,30,75,85,Sawk,cluster3
310,45,53,70,40,60,42,Sewaddle,cluster2
380,55,63,90,50,80,42,Swadloon,cluster1
500,75,103,80,70,80,92,Leavanny,cluster3
260,30,45,59,30,39,57,Venipede,cluster2
360,40,55,99,40,79,47,Whirlipede,cluster2
485,60,100,89,55,69,112,Scolipede,cluster3
280,40,27,60,37,50,66,Cottonee,cluster2
480,60,67,85,77,75,116,Whimsicott,cluster1
280,45,35,50,70,50,30,Petilil,cluster2
480,70,60,75,110,75,90,Lilligant,ruido
460,70,92,65,80,55,98,Basculin Red-Striped Form,cluster1
292,50,72,35,35,35,65,Sandile,cluster2
351,60,82,45,45,45,74,Krokorok,cluster2
519,95,117,80,65,70,92,Krookodile,cluster3
315,70,90,45,15,45,50,Darumaka,cluster2
480,105,140,55,30,55,95,Darmanitan Standard Mode,cluster3
461,75,86,67,106,67,60,Maractus,cluster1
325,50,65,85,35,35,55,Dwebble,cluster2
485,70,105,125,65,75,45,Crustle,cluster3
348,50,75,70,35,70,48,Scraggy,cluster2
488,65,90,115,45,115,58,Scrafty,cluster3
490,72,58,80,103,80,97,Sigilyph,ruido
303,38,30,85,55,65,30,Yamask,cluster2
483,58,50,145,95,105,30,Cofagrigus,cluster1
355,54,78,103,53,45,22,Tirtouga,cluster2
495,74,108,133,83,65,32,Carracosta,cluster3
401,55,112,45,74,45,70,Archen,cluster1
567,75,140,65,112,65,110,Archeops,cluster0
329,50,50,62,40,62,65,Trubbish,cluster2
474,80,95,82,60,82,75,Garbodor,cluster3
330,40,65,40,80,40,65,Zorua,cluster2
510,60,105,60,120,60,105,Zoroark,cluster0
300,55,50,40,40,40,75,Minccino,cluster2
470,75,95,60,65,60,115,Cinccino,ruido
290,45,30,50,55,65,45,Gothita,cluster2
390,60,45,70,75,85,55,Gothorita,cluster1
490,70,55,95,95,110,65,Gothitelle,cluster1
290,45,30,40,105,50,20,Solosis,cluster2
370,65,40,50,125,60,30,Duosion,cluster1
490,110,65,75,125,85,30,Reuniclus,ruido
305,62,44,50,44,50,55,Ducklett,cluster2
473,75,87,63,87,63,98,Swanna,cluster1
305,36,50,50,65,60,44,Vanillite,cluster2
395,51,65,65,80,75,59,Vanillish,cluster1
535,71,95,85,110,95,79,Vanilluxe,cluster0
335,60,60,50,40,50,75,Deerling,cluster2
475,80,100,70,60,70,95,Sawsbuck,cluster3
428,55,75,60,75,60,103,Emolga,cluster1
315,50,75,45,40,45,60,Karrablast,cluster2
495,70,135,105,60,105,20,Escavalier,cluster3
294,69,55,45,55,55,15,Foongus,cluster2
464,114,85,70,85,80,30,Amoonguss,cluster1
335,55,40,50,65,85,40,Frillish,cluster2
480,100,60,70,85,105,60,Jellicent,cluster1
470,165,75,80,40,45,65,Alomomola,ruido
319,50,47,50,57,50,65,Joltik,cluster2
472,70,77,60,97,60,108,Galvantula,cluster1
305,44,50,91,24,86,10,Ferroseed,cluster2
489,74,94,131,54,116,20,Ferrothorn,cluster3
300,40,55,70,45,60,30,Klink,cluster2
440,60,80,95,70,85,50,Klang,cluster1
520,60,100,115,70,85,90,Klinklang,cluster3
275,35,55,40,45,40,60,Tynamo,cluster2
405,65,85,70,75,70,40,Eelektrik,cluster1
515,85,115,80,105,80,50,Eelektross,ruido
335,55,55,55,85,55,30,Elgyem,cluster2
485,75,75,75,125,95,40,Beheeyem,cluster0
275,50,30,55,65,55,20,Litwick,cluster2
370,60,40,60,95,60,55,Lampent,cluster1
520,60,55,90,145,90,80,Chandelure,cluster0
320,46,87,60,30,40,57,Axew,cluster2
410,66,117,70,40,50,67,Fraxure,cluster3
540,76,147,90,60,70,97,Haxorus,cluster3
305,55,70,40,60,40,40,Cubchoo,cluster2
505,95,130,80,70,80,50,Beartic,cluster3
515,80,50,50,95,135,105,Cryogonal,ruido
305,50,40,85,40,65,25,Shelmet,cluster2
495,80,70,40,100,60,145,Accelgor,cluster0
471,109,66,84,81,99,32,Stunfisk,cluster1
350,45,85,50,55,50,65,Mienfoo,cluster2
510,65,125,60,95,60,105,Mienshao,cluster0
485,77,120,90,60,90,48,Druddigon,cluster3
303,59,74,50,35,50,35,Golett,cluster2
483,89,124,80,55,80,55,Golurk,cluster3
340,45,85,70,40,40,60,Pawniard,cluster2
490,65,125,100,60,70,70,Bisharp,cluster3
490,95,110,95,40,95,55,Bouffalant,cluster3
350,70,83,50,37,50,60,Rufflet,cluster2
510,100,123,75,57,75,80,Braviary,cluster3
370,70,55,75,45,65,60,Vullaby,cluster2
510,110,65,105,55,95,80,Mandibuzz,ruido
484,85,97,66,105,66,65,Heatmor,ruido
484,58,109,112,48,48,109,Durant,cluster3
300,52,65,50,45,50,38,Deino,cluster2
420,72,85,70,65,70,58,Zweilous,cluster1
600,92,105,90,125,90,98,Hydreigon,cluster0
360,55,85,55,50,55,60,Larvesta,cluster2
550,85,60,65,135,105,100,Volcarona,cluster0
580,91,90,129,90,72,108,Cobalion,cluster0
580,91,129,90,72,90,108,Terrakion,cluster3
580,91,90,72,90,129,108,Virizion,cluster0
580,79,115,70,125,80,111,Tornadus Incarnate Forme,cluster0
580,79,115,70,125,80,111,Thundurus Incarnate Forme,cluster0
680,100,120,100,150,120,90,Reshiram,cluster0
680,100,150,120,120,100,90,Zekrom,cluster0
600,89,125,90,115,80,101,Landorus Incarnate Forme,cluster0
660,125,130,90,130,90,95,Kyurem,cluster0
580,91,72,90,129,90,108,Keldeo Ordinary Form,cluster0
600,100,77,77,128,128,90,Meloetta Aria Forme,cluster0
600,71,120,95,120,95,99,Genesect,cluster0
313,56,61,65,48,45,38,Chespin,cluster2
405,61,78,95,56,58,57,Quilladin,cluster1
530,88,107,122,74,75,64,Chesnaught,cluster3
307,40,45,40,62,60,60,Fennekin,cluster2
409,59,59,58,90,70,73,Braixen,cluster1
534,75,69,72,114,100,104,Delphox,cluster0
314,41,56,40,62,44,71,Froakie,cluster2
405,54,63,52,83,56,97,Frogadier,cluster1
530,72,95,67,103,71,122,Greninja,cluster0
237,38,36,38,32,36,57,Bunnelby,cluster2
423,85,56,77,50,77,78,Diggersby,cluster1
278,45,50,43,40,38,62,Fletchling,cluster2
382,62,73,55,56,52,84,Fletchinder,cluster1
499,78,81,71,74,69,126,Talonflame,ruido
200,38,35,40,27,25,35,Scatterbug,cluster2
213,45,22,60,27,30,29,Spewpa,cluster2
411,80,52,50,90,50,89,Vivillon,cluster1
369,62,50,58,73,54,72,Litleo,cluster1
507,86,68,72,109,66,106,Pyroar,cluster0
303,44,38,39,61,79,42,Flabébé,cluster2
371,54,45,47,75,98,52,Floette,cluster1
552,78,65,68,112,154,75,Florges,cluster0
350,66,65,48,62,57,52,Skiddo,cluster2
531,123,100,62,97,81,68,Gogoat,cluster0
348,67,82,62,46,48,43,Pancham,cluster2
495,95,124,78,69,71,58,Pangoro,cluster3
472,75,80,60,65,90,102,Furfrou,cluster1
355,62,48,54,63,60,68,Espurr,cluster2
466,74,48,76,83,81,104,Meowstic Male,cluster1
325,45,80,100,35,37,28,Honedge,cluster2
448,59,110,150,45,49,35,Doublade,cluster3
500,60,50,140,50,140,60,Aegislash Shield Forme,ruido
341,78,52,60,63,65,23,Spritzee,cluster2
462,101,72,72,99,89,29,Aromatisse,cluster1
341,62,48,66,59,57,49,Swirlix,cluster2
480,82,80,86,85,75,72,Slurpuff,cluster1
288,53,54,53,37,46,45,Inkay,cluster2
482,86,92,88,68,75,73,Malamar,cluster3
306,42,52,67,39,56,50,Binacle,cluster2
500,72,105,115,54,86,68,Barbaracle,cluster3
320,50,60,60,60,60,30,Skrelp,cluster2
494,65,75,90,97,123,44,Dragalge,cluster1
330,50,53,62,58,63,44,Clauncher,cluster2
500,71,73,88,120,89,59,Clawitzer,cluster0
289,44,38,33,61,43,70,Helioptile,cluster2
481,62,55,52,109,94,109,Heliolisk,ruido
362,58,89,77,45,45,48,Tyrunt,cluster2
521,82,121,119,69,59,71,Tyrantrum,cluster3
362,77,59,50,67,63,46,Amaura,ruido
521,123,77,72,99,92,58,Aurorus,cluster0
525,95,65,65,110,130,60,Sylveon,cluster0
500,78,92,75,74,63,118,Hawlucha,ruido
431,67,58,57,81,67,101,Dedenne,cluster1
500,50,50,150,50,150,50,Carbink,ruido
300,45,50,35,55,75,40,Goomy,cluster2
452,68,75,53,83,113,60,Sliggoo,cluster1
600,90,100,70,110,150,80,Goodra,cluster0
470,57,80,91,80,87,75,Klefki,cluster1
309,43,70,48,50,60,38,Phantump,cluster2
474,85,110,76,65,82,56,Trevenant,cluster3
335,49,66,70,44,55,51,Pumpkaboo Average Size,cluster2
494,65,90,122,58,75,84,Gourgeist Average Size,cluster3
304,55,69,85,32,35,28,Bergmite,cluster2
514,95,117,184,44,46,28,Avalugg,cluster3
245,40,30,35,45,40,55,Noibat,cluster2
535,85,70,80,97,80,123,Noivern,cluster0
680,126,131,95,131,98,99,Xerneas,cluster0
680,126,131,95,131,98,99,Yveltal,cluster0
600,108,100,121,81,95,95,Zygarde 50% Forme,ruido
600,50,100,150,100,150,50,Diancie,cluster0
600,80,110,60,150,130,70,Hoopa Hoopa Confined,cluster0
600,80,110,120,130,90,70,Volcanion,cluster0
320,68,55,55,50,50,42,Rowlet,cluster2
420,78,75,75,70,70,52,Dartrix,cluster1
530,78,107,75,100,100,70,Decidueye,cluster0
320,45,65,40,60,40,70,Litten,cluster2
420,65,85,50,80,50,90,Torracat,cluster1
530,95,115,90,80,90,60,Incineroar,cluster3
320,50,54,54,66,56,40,Popplio,cluster2
420,60,69,69,91,81,50,Brionne,cluster1
530,80,74,74,126,116,60,Primarina,cluster0
265,35,75,30,30,30,65,Pikipek,cluster2
355,55,85,50,40,50,75,Trumbeak,cluster2
485,80,120,75,75,75,60,Toucannon,cluster3
253,48,70,30,30,30,45,Yungoos,cluster2
418,88,110,60,55,60,45,Gumshoos,cluster3
300,47,62,45,55,45,46,Grubbin,cluster2
400,57,82,95,55,75,36,Charjabug,cluster1
500,77,70,90,145,75,43,Vikavolt,cluster0
338,47,82,57,42,47,63,Crabrawler,cluster2
478,97,132,77,62,67,43,Crabominable,cluster3
476,75,70,70,98,70,93,Oricorio Baile Style,cluster1
304,40,45,40,55,40,84,Cutiefly,cluster2
464,60,55,60,95,70,124,Ribombee,cluster1
280,45,65,40,30,40,60,Rockruff,cluster2
487,75,115,65,55,65,112,Lycanroc Midday Form,cluster3
175,45,20,20,25,25,40,Wishiwashi Solo Form,cluster2
305,50,53,62,43,52,45,Mareanie,cluster2
495,50,63,152,53,142,35,Toxapex,ruido
385,70,100,70,45,55,45,Mudbray,ruido
500,100,125,100,55,85,35,Mudsdale,cluster3
269,38,40,52,40,72,27,Dewpider,cluster2
454,68,70,92,50,132,42,Araquanid,cluster1
250,40,55,35,50,35,35,Fomantis,cluster2
480,70,105,90,80,90,45,Lurantis,cluster3
285,40,35,55,65,75,15,Morelull,cluster2
405,60,45,80,90,100,30,Shiinotic,cluster1
320,48,44,40,71,40,77,Salandit,cluster2
480,68,64,60,111,60,117,Salazzle,cluster0
340,70,75,50,45,50,50,Stufful,cluster2
500,120,125,80,55,60,60,Bewear,cluster3
210,42,30,38,30,38,32,Bounsweet,cluster2
290,52,40,48,40,48,62,Steenee,cluster2
510,72,120,98,50,98,72,Tsareena,cluster3
485,51,52,90,82,110,100,Comfey,cluster1
490,90,60,80,90,110,60,Oranguru,cluster1
490,100,120,90,40,60,80,Passimian,cluster3
230,25,35,40,20,30,80,Wimpod,cluster2
530,75,125,140,60,90,40,Golisopod,cluster3
320,55,55,80,70,45,15,Sandygast,cluster2
480,85,75,110,100,75,35,Palossand,cluster1
410,55,60,130,30,130,5,Pyukumuku,ruido
534,95,95,95,95,95,59,Type: Null,cluster0
570,95,95,95,95,95,95,Silvally,cluster0
440,60,60,100,60,100,60,Minior Meteor Form,cluster1
480,65,115,65,75,95,65,Komala,cluster3
485,60,78,135,91,85,36,Turtonator,ruido
435,65,98,63,40,73,96,Togedemaru,ruido
476,55,90,80,50,105,96,Mimikyu,ruido
475,68,105,70,70,70,92,Bruxish,cluster3
485,78,60,85,135,91,36,Drampa,ruido
517,70,131,100,86,90,40,Dhelmise,cluster3
300,45,55,65,45,45,45,Jangmo-o,cluster2
420,55,75,90,65,70,65,Hakamo-o,cluster1
600,75,110,125,100,105,85,Kommo-o,cluster0
570,70,115,85,95,75,130,Tapu Koko,cluster0
570,70,85,75,130,115,95,Tapu Lele,cluster0
570,70,130,115,85,95,75,Tapu Bulu,cluster3
570,70,75,115,95,130,85,Tapu Fini,cluster0
200,43,29,31,29,31,37,Cosmog,cluster2
400,43,29,131,29,131,37,Cosmoem,ruido
680,137,137,107,113,89,97,Solgaleo,cluster0
680,137,113,89,137,107,97,Lunala,cluster0
570,109,53,47,127,131,103,Nihilego,cluster0
570,107,139,139,53,53,79,Buzzwole,cluster3
570,71,137,37,137,37,151,Pheromosa,cluster0
570,83,89,71,173,71,83,Xurkitree,cluster0
570,97,101,103,107,101,61,Celesteela,cluster0
570,59,181,131,59,31,109,Kartana,cluster3
570,223,101,53,97,53,43,Guzzlord,ruido
600,97,107,101,127,89,79,Necrozma,cluster0
600,80,95,115,130,115,65,Magearna,cluster0
600,90,125,80,90,90,125,Marshadow,cluster0
420,67,73,67,73,67,73,Poipole,cluster1
540,73,73,73,127,73,121,Naganadel,cluster0
570,61,131,211,53,101,13,Stakataka,cluster3
570,53,127,53,151,79,107,Blacephalon,cluster0
600,88,112,75,102,80,143,Zeraora,cluster0
300,46,65,65,55,35,34,Meltan,cluster2
600,135,143,143,80,65,34,Melmetal,cluster3
310,50,65,50,40,40,65,Grookey,cluster2
420,70,85,70,55,60,80,Thwackey,cluster1
530,100,125,90,60,70,85,Rillaboom,cluster3
310,50,71,40,40,40,69,Scorbunny,cluster2
420,65,86,60,55,60,94,Raboot,cluster1
530,80,116,75,65,75,119,Cinderace,cluster3
310,50,40,40,70,40,70,Sobble,cluster2
420,65,60,55,95,55,90,Drizzile,cluster1
530,70,85,65,125,65,120,Inteleon,cluster0
275,70,55,55,35,35,25,Skwovet,cluster2
460,120,95,95,55,75,20,Greedent,cluster3
245,38,47,35,33,35,57,Rookidee,cluster2
365,68,67,55,43,55,77,Corvisquire,cluster2
495,98,87,105,53,85,67,Corviknight,cluster3
180,25,20,20,25,45,45,Blipbug,cluster2
335,50,35,80,50,90,30,Dottler,cluster2
505,60,45,110,80,120,90,Orbeetle,cluster1
245,40,28,28,47,52,50,Nickit,cluster2
455,70,58,58,87,92,90,Thievul,cluster1
250,40,40,60,40,60,10,Gossifleur,cluster2
460,60,50,90,80,120,60,Eldegoss,cluster1
270,42,40,55,40,45,48,Wooloo,cluster2
490,72,80,100,60,90,88,Dubwool,ruido
284,50,64,50,38,38,44,Chewtle,cluster2
485,90,115,90,48,68,74,Drednaw,cluster3
270,59,45,50,40,50,26,Yamper,cluster2
490,69,90,60,90,60,121,Boltund,ruido
240,30,40,50,40,50,30,Rolycoly,cluster2
410,80,60,90,60,70,50,Carkol,cluster1
510,110,80,120,80,90,30,Coalossal,cluster3
260,40,40,80,40,40,20,Applin,cluster2
485,70,110,80,95,60,70,Flapple,cluster3
485,110,85,80,100,80,30,Appletun,cluster1
315,52,57,75,35,50,46,Silicobra,cluster2
510,72,107,125,65,70,71,Sandaconda,cluster3
475,70,85,55,85,95,85,Cramorant,cluster1
280,41,63,40,40,30,66,Arrokuda,cluster2
490,61,123,60,60,50,136,Barraskewda,cluster3
242,40,38,35,54,35,40,Toxel,cluster2
502,75,98,70,114,70,75,Toxtricity Amped Form,cluster0
305,50,65,45,50,50,45,Sizzlipede,cluster2
525,100,115,65,90,90,65,Centiskorch,cluster3
310,50,68,60,50,50,32,Clobbopus,cluster2
480,80,118,90,70,80,42,Grapploct,cluster3
308,40,45,45,74,54,50,Sinistea,cluster2
508,60,65,65,134,114,70,Polteageist,cluster0
265,42,30,45,56,53,39,Hatenna,cluster2
370,57,40,65,86,73,49,Hattrem,cluster1
510,57,90,95,136,103,29,Hatterene,cluster0
265,45,45,30,55,40,50,Impidimp,cluster2
370,65,60,45,75,55,70,Morgrem,cluster1
510,95,120,65,95,75,60,Grimmsnarl,cluster3
520,93,90,101,60,81,95,Obstagoon,cluster3
440,70,110,100,50,60,50,Perrserker,cluster3
510,60,95,50,145,130,30,Cursola,cluster0
507,62,135,95,68,82,65,Sirfetch'd,cluster3
520,80,85,75,110,100,70,Mr. Rime,cluster0
483,58,95,145,50,105,30,Runerigus,cluster3
270,45,40,40,50,61,34,Milcery,cluster2
495,65,60,75,110,121,64,Alcremie,ruido
470,65,100,100,70,60,75,Falinks,cluster3
435,48,101,95,91,85,15,Pincurchin,ruido
185,30,25,35,45,30,20,Snom,cluster2
475,70,65,60,125,90,65,Frosmoth,cluster0
470,100,125,135,20,20,70,Stonjourner,cluster3
470,75,80,110,65,90,50,Eiscue Ice Face,ruido
475,60,65,55,105,95,95,Indeedee Male,ruido
436,58,95,58,70,58,97,Morpeko Full Belly Mode,cluster1
330,72,80,49,40,49,40,Cufant,cluster2
500,122,130,69,80,69,30,Copperajah,cluster3
505,90,100,90,80,70,75,Dracozolt,cluster3
505,90,100,90,90,80,55,Arctozolt,cluster3
505,90,90,100,70,80,75,Dracovish,cluster3
505,90,90,100,80,90,55,Arctovish,cluster3
535,70,95,115,120,50,85,Duraludon,cluster0
270,28,60,30,40,30,82,Dreepy,cluster2
410,68,80,50,60,50,102,Drakloak,cluster1
600,88,120,75,100,75,142,Dragapult,cluster0
660,92,120,115,80,115,138,Zacian Hero of Many Battles,cluster0
660,92,120,115,80,115,138,Zamazenta Hero of Many Battles,cluster0
690,140,85,95,145,95,130,Eternatus,cluster0
385,60,90,60,53,50,72,Kubfu,cluster1
550,100,130,100,63,60,97,Urshifu Single Strike Style,cluster3
600,105,120,105,70,95,105,Zarude,cluster3
580,80,100,50,100,50,200,Regieleki,cluster0
580,200,100,50,100,50,80,Regidrago,cluster0
580,100,145,130,65,110,30,Glastrier,cluster3
580,100,65,60,145,80,130,Spectrier,cluster0
500,100,80,80,80,80,80,Calyrex,cluster1
525,103,105,72,105,75,65,Wyrdeer,cluster0
500,70,135,95,45,70,85,Kleavor,cluster3
550,130,140,105,45,80,50,Ursaluna,cluster3
530,120,112,65,80,75,78,Basculegion Male,cluster3
510,80,130,60,40,80,120,Sneasler,cluster3
510,85,115,95,65,65,85,Overqwil,cluster3
580,74,115,70,135,80,106,Enamorus Incarnate Forme,cluster0
310,40,61,54,45,45,65,Sprigatito,cluster2
410,61,80,63,60,63,83,Floragato,cluster1
530,76,110,70,81,70,123,Meowscarada,cluster0
310,67,45,59,63,40,36,Fuecoco,cluster2
411,81,55,78,90,58,49,Crocalor,cluster1
530,104,75,100,110,75,66,Skeledirge,cluster0
310,55,65,45,50,45,50,Quaxly,cluster2
410,70,85,65,65,60,65,Quaxwell,cluster1
530,85,120,80,85,75,85,Quaquaval,cluster3
254,54,45,40,35,45,35,Lechonk,cluster2
489,110,100,75,59,80,65,Oinkologne Male,cluster3
210,35,41,45,29,40,20,Tarountula,cluster2
404,60,79,92,52,86,35,Spidops,cluster1
210,33,46,40,21,25,45,Nymble,cluster2
450,71,102,78,52,55,92,Lokix,cluster3
240,45,50,20,40,25,60,Pawmi,cluster2
350,60,75,40,50,40,85,Pawmo,cluster2
490,70,115,70,70,60,105,Pawmot,cluster3
305,50,50,45,40,45,75,Tandemaus,cluster2
470,74,75,70,65,75,111,Maushold Family of Four,cluster1
312,37,55,70,30,55,65,Fidough,cluster2
477,57,80,115,50,80,95,Dachsbun,ruido
260,41,35,45,58,51,30,Smoliv,cluster2
354,52,53,60,78,78,33,Dolliv,ruido
510,78,69,90,125,109,39,Arboliva,cluster0
417,82,96,51,45,51,92,Squawkabilly Green Plumage,cluster1
280,55,55,75,35,35,25,Nacli,cluster2
355,60,60,100,35,65,35,Naclstack,cluster2
500,100,100,130,45,90,35,Garganacl,cluster3
255,40,50,40,50,40,35,Charcadet,cluster2
525,85,60,100,125,80,75,Armarouge,cluster0
525,75,125,80,60,100,85,Ceruledge,cluster3
272,61,31,41,59,35,45,Tadbulb,cluster2
495,109,64,91,103,83,45,Bellibolt,cluster1
280,40,40,35,55,40,70,Wattrel,cluster2
490,70,70,60,105,60,125,Kilowattrel,cluster0
340,60,78,60,40,51,51,Maschiff,cluster2
505,80,120,90,60,70,85,Mabosstiff,cluster3
290,40,65,35,40,35,75,Shroodle,cluster2
485,63,95,65,80,72,110,Grafaiai,cluster1
275,40,65,30,45,35,60,Bramblin,cluster2
480,55,115,70,80,70,90,Brambleghast,cluster3
335,40,40,35,50,100,70,Toedscool,cluster2
515,80,70,65,80,120,100,Toedscruel,ruido
450,70,100,115,35,55,75,Klawf,cluster3
304,50,62,40,62,40,50,Capsakid,cluster2
486,65,108,65,108,65,75,Scovillain,cluster0
270,41,50,60,31,58,30,Rellor,cluster2
470,75,50,85,115,100,45,Rabsca,cluster1
255,30,35,30,55,30,75,Flittle,cluster2
481,95,60,60,101,60,105,Espathra,cluster1
297,50,45,45,35,64,58,Tinkatink,cluster2
380,65,55,55,45,82,78,Tinkatuff,cluster1
506,85,75,77,70,105,94,Tinkaton,cluster1
245,10,55,25,35,25,95,Wiglett,cluster2
425,35,100,50,50,70,120,Wugtrio,cluster1
485,70,103,85,60,85,82,Bombirdier,cluster3
315,70,45,40,45,40,75,Finizen,cluster2
457,100,70,72,53,62,100,Palafin Zero Form,cluster1
300,45,70,63,30,45,47,Varoom,cluster2
500,80,119,90,54,67,90,Revavroom,cluster3
501,70,95,65,85,65,121,Cyclizar,cluster0
480,70,85,145,60,55,65,Orthworm,cluster3
350,48,35,42,105,60,60,Glimmet,ruido
525,83,55,90,130,81,86,Glimmora,cluster0
290,50,61,60,30,55,34,Greavard,cluster2
488,72,101,100,50,97,68,Houndstone,cluster3
500,82,115,74,75,64,90,Flamigo,cluster3
334,108,68,45,30,40,43,Cetoddle,cluster2
521,170,113,65,45,55,73,Cetitan,cluster3
478,90,102,73,78,65,70,Veluza,cluster3
530,150,100,115,65,65,35,Dondozo,cluster3
475,68,50,60,120,95,82,Tatsugiri Curly Form,ruido
535,110,115,80,50,90,90,Annihilape,cluster3
430,130,75,60,45,100,20,Clodsire,cluster1
520,120,90,70,110,70,60,Farigiraf,cluster0
520,125,100,80,85,75,55,Dudunsparce Two-Segment Form,cluster3
550,100,135,120,60,85,50,Kingambit,cluster3
570,115,131,131,53,53,87,Great Tusk,cluster3
570,115,65,99,65,115,111,Scream Tail,cluster0
570,111,127,99,79,99,55,Brute Bonnet,cluster3
570,55,55,55,135,135,135,Flutter Mane,cluster0
570,85,135,79,85,105,81,Slither Wing,cluster3
570,85,81,97,121,85,101,Sandy Shocks,cluster0
570,90,112,120,72,70,106,Iron Treads,cluster3
570,56,80,114,124,60,136,Iron Bundle,cluster0
570,154,140,108,50,68,50,Iron Hands,cluster3
570,94,80,86,122,80,108,Iron Jugulis,cluster0
570,80,70,60,140,110,110,Iron Moth,cluster0
570,100,134,110,70,84,72,Iron Thorns,cluster3
320,65,75,45,35,45,55,Frigibax,cluster2
423,90,95,66,45,65,62,Arctibax,ruido
600,115,145,92,75,86,87,Baxcalibur,cluster3
300,45,30,70,75,70,10,Gimmighoul Chest Form,cluster2
550,87,60,95,133,91,84,Gholdengo,cluster0
570,85,85,100,95,135,70,Wo-Chien,cluster0
570,80,120,80,90,65,135,Chien-Pao,cluster0
570,155,110,125,55,80,45,Ting-Lu,cluster3
570,55,80,80,135,120,100,Chi-Yu,cluster0
590,105,139,71,55,101,119,Roaring Moon,cluster3
590,74,130,90,120,60,116,Iron Valiant,cluster0
670,100,135,115,85,100,135,Koraidon,cluster0
670,100,85,100,135,115,135,Miraidon,cluster0
590,99,83,91,125,83,109,Walking Wake,cluster0
590,90,130,88,70,108,104,Iron Leaves,cluster3
485,80,80,110,95,80,40,Dipplin,cluster1
308,40,45,45,74,54,50,Poltchageist,cluster2
508,71,60,106,121,80,70,Sinistcha,cluster0
555,88,128,115,58,86,80,Okidogi,cluster3
555,88,75,66,130,90,106,Munkidori,cluster0
555,88,91,82,70,125,99,Fezandipiti,ruido
550,80,120,84,60,96,110,Ogerpon Teal Mask,cluster3
600,90,105,130,125,65,85,Archaludon,cluster0
540,106,80,110,120,80,44,Hydrapple,cluster0
590,105,115,121,65,93,91,Gouging Fire,cluster3
590,125,73,91,137,89,75,Raging Bolt,cluster0
590,90,120,80,68,108,124,Iron Boulder,ruido
590,90,72,100,122,108,98,Iron Crown,cluster0
450,90,65,85,65,85,60,Terapagos Normal Form,cluster1
600,88,88,160,88,88,88,Pecharunt,ruido
